Angel,Mortal
Vanessa_chew,itsalwin
jaceliew,saraoznn
cathykok,jadecolletti
bylimm,josiahhwa
wynxcyn,Cynthialxc
gracelimpeh,tobythetrain
matttyh,jaslaii
rodslackinginside,mehaaaaal
danielk0k,terrrence
rreallyrrach,viviennetann
abzgailz,Sar_meow
navena23,Joel_Zz
loong_loong,danidomdom
xia0xuan,hocansing
jakzeng,sebbblee
contemplativecorgi,abinithiarunkumar
joelleyy,Kvnyu
victoriaxlim,Cjun1039
woaiiu,avrilmoh
helloitsmeaden,yolandalei
llaama,sunruiheng
yaojiax,ouhznay
skyy_lau,hhuiho
oh_jayzee,yueemingg
Glazedreflection,joffoson
ludkovic,dingzyy
rypoop,nguenss
halojenoalkanes,curlycayla
ahmoog,ong_li_jin
clarissecxh,nataniao
huixuant,Brenkymeinic
marooncus,glooook
meishelll,juzai22
bryin4u,Fishshank
maxturtletan,avosaregreen
elisachewwy,kyrawu
evanduhh,bryanchonggg
moon0om,beatwizzle
ch4rmaine,Kaigene
chanjingzhi,zec_heng
graceseow,chloefarts
joxiah,celerysprouts
rxchellllll,sarahkhoooo
aditi_joshi2,iimnotnice
feliciachongyy,Lilbetty_nakamura
jt533,cocokrunch
kathlynlee,genkohh
secondtrafficlight,Frank_mcm
ethancyj,gabrieltried
ConnerYim,megannwangg
